email,company,job title,employees,country,source
dana.ruiz@northwind-logistics.com,"Northwind Logistics, Inc.",VP of Operations,420,United States,demo_request
d.ruiz@northwind-logistics.com,Northwind Logistics LLC,Operations,420,United States,cold_list
info@brightpath.io,BrightPath,,90,United Kingdom,contact_form
sam_t99@gmail.com,,Student,,India,newsletter
m.okafor@helioscap.com,Helios Capital Partners,Chief Technology Officer,180,Canada,referral
priya@vector-freight.com,Vector Freight Ltd,Head of Data,60,Australia,pricing_page
joe@tinystudio.co,Tiny Studio Co.,Founder,2,United States,inbound
lars@grossbau.de,Grossbau GmbH,Director of Engineering,3400,Germany,cold_list
,Anonymous Corp,Manager,,,webinar
